symbol,name,today_close,yesterday_close,today_52whigh,yesterday_52whigh,today_200ma,yesterday_200ma
NVDA,NVIDIA,177.68,174.98,184.48,184.48,137.85,137.64
MSFT,Microsoft,506.58,504.24,555.45,555.45,440.17,439.69
AAPL,Apple,227.31,224.9,260.1,260.1,221.02,221.0
GOOG,Alphabet (Google),205.31,200.62,208.7,208.7,179.08,178.91
AMZN,Amazon,227.31,221.95,242.52,242.52,212.18,212.03
META,Meta Platforms (Facebook),750.6,739.1,796.25,796.25,643.28,642.37
AVGO,Broadcom,297.46,289.6,317.35,317.35,223.92,223.27
TSLA,Tesla,336.96,320.11,488.54,488.54,328.39,327.95
BRK-B,Berkshire Hathaway,489.13,488.59,542.07,542.07,486.59,486.4
JPM,JPMorgan Chase,296.7,291.47,301.29,301.29,259.26,258.89
WMT,Walmart,97.21,97.96,105.3,105.3,94.42,94.34
ORCL,Oracle,236.83,233.16,260.87,260.87,181.04,180.71
V,Visa,349.86,343.69,375.51,375.51,337.99,337.69
LLY,Eli Lilly,712.24,709.82,972.53,972.53,789.6,790.13
NFLX,Netflix,1200.62,1206.21,1341.15,1341.15,1043.12,1040.89
MA,Mastercard,597.78,591.92,601.77,594.71,547.67,547.22
XOM,Exxon Mobil,111.14,109.23,126.34,126.34,110.15,110.17
COST,Costco,957.94,969.68,1078.23,1078.23,974.4,974.0
JNJ,Johnson & Johnson,179.33,178.93,181.16,180.61,156.49,156.39
PLTR,Palantir,160.58,156.18,190.0,190.0,106.36,105.77
HD,Home Depot,413.76,397.7,439.37,439.37,383.15,383.04
ABBV,AbbVie,209.5,209.5,218.66,218.66,188.64,188.61
PG,Procter & Gamble,158.81,158.73,180.43,180.43,164.63,164.67
BAC,Bank of America,49.49,48.26,49.51,49.31,44.51,44.48
CVX,Chevron,158.42,155.55,168.96,168.96,150.65,150.62
KO,Coca-Cola,70.25,70.66,74.38,74.38,68.02,67.99
AMD,AMD,167.85,163.71,186.65,186.65,124.82,124.69
TMUS,T-Mobile US,254.96,258.16,276.49,276.49,242.02,241.87
GE,General Electric,268.84,268.71,281.5,281.5,212.31,211.83
UNH,UnitedHealth,306.82,303.35,630.73,630.73,438.23,439.54
CSCO,Cisco,67.39,67.02,72.55,72.55,62.24,62.18
PM,Philip Morris International,171.49,174.49,186.69,186.69,153.69,153.49
WFC,Wells Fargo,79.12,77.83,84.83,84.83,74.57,74.5
CRM,Salesforce,247.14,245.83,369.0,369.0,292.28,292.51
MS,Morgan Stanley,148.41,144.04,149.08,149.08,129.66,129.5
ABT,Abbott Laboratories,132.28,132.0,141.23,141.23,126.9,126.83
IBM,IBM,243.17,239.4,296.16,296.16,247.75,247.57
GS,Goldman Sachs,742.93,715.95,749.05,749.05,613.71,612.59
MCD,McDonald,315.18,313.22,326.32,326.32,301.62,301.52
AXP,American Express,319.67,308.17,329.14,329.14,293.83,293.6
BX,Blackstone Group,171.77,163.44,200.96,200.96,159.59,159.57
MRK,Merck,86.99,86.08,120.3,120.3,88.32,88.39
DIS,Walt Disney,119.17,116.21,124.69,124.69,109.26,109.15
T,AT&T,29.07,29.44,29.65,29.56,25.98,25.95
RTX,RTX,157.32,156.32,158.79,158.79,132.12,131.92
PEP,Pepsico,150.0,148.98,179.73,179.73,145.29,145.37
INTU,Intuit,665.19,697.76,813.7,813.7,664.2,663.99
UBER,Uber,96.96,94.23,97.71,97.71,78.08,77.96
CAT,Caterpillar,437.47,417.89,441.15,441.15,366.54,366.25
VZ,Verizon,44.65,45.03,47.36,47.36,42.4,42.39
TMO,Thermo Fisher Scientific,500.62,483.76,627.88,627.88,484.36,484.64
NOW,ServiceNow,887.79,876.97,1198.09,1198.09,973.22,973.5
BA,Boeing,231.6,224.46,242.69,242.69,185.38,184.99
TXN,Texas Instruments,208.25,200.71,221.69,221.69,188.91,188.9
BKNG,Booking Holdings (Booking.com),5666.25,5710.74,5839.41,5839.41,5105.78,5101.19
BLK,BlackRock,1153.0,1124.75,1171.89,1171.89,1005.62,1004.78
SCHW,Charles Schwab,95.22,95.82,99.59,99.59,83.25,83.13
ANET,Arista Networks,132.38,132.03,141.99,141.99,100.95,100.78
C,Citigroup,95.5,92.59,96.91,96.91,76.72,76.56
ISRG,Intuitive Surgical,475.8,469.88,616.0,616.0,529.88,530.04
QCOM,QUALCOMM,157.8,154.13,182.1,182.1,156.12,156.16
SPGI,S&P Global,558.87,552.44,579.05,579.05,512.01,511.63
GEV,GE Vernova,611.78,606.0,677.29,677.29,414.61,413.06
AMGN,Amgen,294.98,295.76,339.17,339.17,289.27,289.39
NEE,Nextera Energy,76.36,76.08,86.1,86.1,71.65,71.66
BSX,Boston Scientific,106.29,105.21,108.94,108.94,99.28,99.17
DHR,Danaher,211.45,203.9,279.9,279.9,211.04,211.23
ADBE,Adobe,359.52,353.43,587.75,587.75,415.82,416.44
APP,AppLovin,440.2,418.76,525.15,525.15,339.89,338.51
TJX,TJX Companies,136.82,137.51,145.58,145.58,124.51,124.39
GILD,Gilead Sciences,115.35,116.14,121.83,121.83,103.99,103.86
SYK,Stryker Corporation,394.14,384.83,406.19,406.19,379.62,379.48
PGR,Progressive,249.74,248.95,292.99,292.99,261.18,261.14
PFE,Pfizer,25.84,25.74,30.43,30.43,25.01,25.02
LOW,Lowe's Companies,264.98,255.65,287.01,287.01,240.23,240.22
COF,Capital One,221.83,212.01,232.45,232.45,192.13,191.84
HON,Honeywell,222.91,217.42,242.77,242.77,219.58,219.51
MU,Micron Technology,118.55,115.79,129.85,129.85,99.92,99.83
APH,Amphenol,110.25,108.81,112.35,112.35,80.18,79.96
DE,Deere & Company (John Deere),497.68,486.76,533.78,533.78,474.15,473.67
KKR,KKR & Co.,142.52,137.84,170.4,170.4,135.32,135.3
UNP,Union Pacific Corporation,228.32,225.3,258.07,258.07,231.29,231.31
AMAT,Applied Materials,162.98,159.84,215.7,215.7,169.54,169.64
LRCX,Lam Research,101.04,98.41,108.02,108.02,82.08,81.95
CMCSA,Comcast,33.99,33.6,45.31,45.31,36.28,36.33
ADP,Automatic Data Processing,308.89,304.94,329.93,329.93,303.59,303.49
COP,ConocoPhillips,97.25,94.78,116.08,116.08,96.76,96.81
PANW,Palo Alto Networks,185.32,183.32,210.39,210.39,187.4,187.38
KLAC,KLA,877.64,872.39,959.26,959.26,751.7,750.66
ADI,Analog Devices,253.87,246.95,257.21,250.18,217.38,217.23
SNPS,Synopsys,607.84,598.17,651.73,651.73,509.34,508.9
NKE,Nike,78.54,76.18,90.62,90.62,70.38,70.38
MO,Altria Group,67.97,67.68,68.58,67.87,57.31,57.24
WELL,Welltower,165.09,166.94,171.09,171.09,146.18,146.02
IBKR,Interactive Brokers,62.53,62.47,68.07,68.07,50.42,50.3
INTC,Intel,24.57,23.5,27.55,27.55,21.71,21.7
CRWD,CrowdStrike,419.22,414.06,517.98,517.98,406.24,405.66
DASH,DoorDash,245.71,245.18,278.15,278.15,200.11,199.66
MSTR,Strategy   (MicroStrategy),355.45,337.58,543.0,543.0,355.14,354.51
ICE,Intercontinental Exchange,180.7,179.23,189.35,189.35,168.22,168.09
SO,Southern Company,94.68,94.62,96.44,96.44,88.82,88.79
SBUX,Starbucks,89.4,88.56,117.46,117.46,94.85,94.89
LMT,Lockheed Martin,447.89,447.2,618.95,618.95,471.26,471.74
MMC,Marsh & McLennan Companies,211.15,211.11,248.0,248.0,221.88,221.92
HOOD,Robinhood,110.07,106.3,117.7,117.7,59.67,59.23
VRTX,Vertex Pharmaceuticals,397.28,397.46,519.88,519.88,457.23,457.6
CEG,Constellation Energy,311.71,312.52,357.0,357.0,271.61,271.35
PLD,Prologis,112.99,108.39,132.57,132.57,110.08,110.08
CME,CME Group,270.03,273.32,290.79,290.79,257.48,257.25
BMY,Bristol-Myers Squibb,48.12,48.43,63.33,63.33,53.16,53.19
AMT,American Tower,211.96,209.73,243.56,243.56,206.45,206.45
CDNS,Cadence Design Systems,351.04,347.57,376.45,376.45,298.69,298.35
DUK,Duke Energy,124.54,124.14,127.85,127.85,116.08,116.02
DELL,Dell,130.86,127.83,147.66,147.66,113.57,113.57
PH,Parker-Hannifin,758.2,733.05,763.99,763.99,665.97,665.35
MCO,Moody's,518.61,509.47,531.93,531.93,481.05,480.74
HCA,HCA Healthcare,406.01,404.26,417.14,417.14,344.26,344.02
WM,Waste Management,228.73,229.61,242.58,242.58,225.19,225.12
SHW,Sherwin-Williams,376.61,363.86,400.42,400.42,353.82,353.73
CTAS,Cintas,216.53,216.11,229.24,229.24,210.55,210.49
CVS,CVS Health,71.7,71.43,72.51,72.51,61.21,61.13
ORLY,O'Reilly Automotive,102.87,102.87,104.86,104.86,89.25,89.12
RCL,Royal Caribbean Group,341.04,325.03,355.91,355.91,254.7,254.0
GD,General Dynamics,320.61,316.53,322.5,322.5,277.83,277.7
MCK,McKesson,691.85,706.0,737.89,737.89,656.42,655.59
NOC,Northrop Grumman,595.91,597.21,600.99,598.83,499.14,498.7
COIN,Coinbase,320.38,300.28,444.65,444.65,270.65,269.97
RBLX,Roblox,118.5,114.85,150.59,150.59,76.84,76.5
MMM,3M,158.91,154.38,164.15,164.15,143.59,143.44
MDLZ,Mondelez International,63.26,62.94,76.06,76.06,64.38,64.41
APO,Apollo Global Management,135.6,134.01,189.49,189.49,148.53,148.56
ECL,Ecolab,285.45,283.06,286.04,286.04,255.02,254.81
CI,The Cigna Group,306.8,300.95,370.83,370.83,308.41,308.45
TDG,TransDigm Group,1412.72,1393.14,1623.83,1623.83,1379.33,1378.79
SCCO,Southern Copper,97.06,93.73,118.45,118.45,93.99,94.04
MSI,Motorola Solutions,466.36,462.43,507.82,507.82,442.85,442.79
ABNB,Airbnb,129.61,126.43,163.93,163.93,131.73,131.76
EQIX,Equinix,790.35,772.19,994.03,994.03,868.97,869.46
NEM,Newmont,70.84,70.09,71.1,70.76,50.08,49.95
ITW,Illinois Tool Works,269.17,261.0,279.13,279.13,254.97,254.94
PNC,PNC Financial Services,201.55,194.0,216.26,216.26,186.49,186.42
AJG,Arthur J. Gallagher & Co.,304.76,305.38,351.23,351.23,313.08,312.96
UPS,United Parcel Service,88.52,86.15,145.01,145.01,110.39,110.61
FI,Fiserv,138.51,140.0,238.59,238.59,192.41,192.72
EMR,Emerson,134.43,130.09,150.27,150.27,123.79,123.66
RSG,Republic Services,235.46,235.44,258.75,258.75,231.07,230.89
MAR,Marriott International,273.78,262.27,307.52,307.52,267.39,267.32
USB,U.S. Bancorp,48.26,46.17,53.98,53.98,45.74,45.74
BK,BNY Mellon (Bank of New York Mellon),103.1,101.78,104.47,104.47,86.08,85.94
WMB,Williams Companies,57.42,57.8,63.45,63.45,57.69,57.66
NET,Cloudflare,194.94,192.77,219.0,219.0,142.8,142.26
ELV,Elevance Health,317.51,309.6,567.26,567.26,382.62,383.1
HWM,Howmet Aerospace,174.2,173.25,193.26,193.26,142.97,142.6
CL,Colgate-Palmolive,86.39,86.28,109.3,109.3,90.41,90.44
ZTS,Zoetis,157.31,155.61,200.33,200.33,162.7,162.83
EPD,Enterprise Products,31.75,31.61,34.63,34.63,31.95,31.93
CSX,CSX Corporation,34.81,35.87,37.25,37.25,32.38,32.38
AZO,AutoZone,4107.69,4127.69,4187.39,4187.39,3554.0,3548.36
VST,Vistra,191.37,190.28,216.85,216.85,157.22,156.86
SNOW,Snowflake,196.83,194.68,229.27,229.27,177.75,177.34
PYPL,PayPal,69.21,67.55,93.66,93.66,75.58,75.62
MRVL,Marvell Technology,73.45,71.21,127.48,127.48,82.97,83.03
SPG,Simon Property Group,176.94,173.43,190.14,190.14,168.67,168.63
EOG,EOG Resources,120.73,118.51,138.18,138.18,122.36,122.36
APD,Air Products and Chemicals,299.87,293.52,341.14,341.14,295.5,295.55
GBTC,Grayscale Bitcoin Trust,91.62,88.1,96.62,96.62,78.31,78.13
MNST,Monster Beverage,63.21,64.36,66.75,66.75,56.94,56.89
NSC,Norfolk Southern,284.18,284.35,291.69,288.64,249.73,249.56
HLT,Hilton Worldwide,277.39,269.19,279.46,279.46,249.85,249.65
REGN,Regeneron Pharmaceuticals,591.7,598.16,1211.2,1211.2,637.56,638.82
ARES,Ares Management,181.95,178.26,200.49,200.49,170.54,170.44
ADSK,Autodesk,290.6,286.06,326.62,326.62,290.36,290.34
FCX,Freeport-McMoRan,43.22,41.72,52.61,52.61,40.0,40.01
FTNT,Fortinet,79.76,77.75,114.82,114.82,98.61,98.61
WDAY,Workday,219.63,227.58,294.0,294.0,248.73,248.83
AEP,American Electric Power,113.66,113.14,115.36,115.36,102.49,102.41
TRV,The Travelers Companies,277.75,274.92,279.04,277.83,256.89,256.73
KMI,Kinder Morgan,26.84,26.82,31.48,31.48,27.46,27.44
AXON,Axon Enterprise,778.6,763.51,885.92,885.92,654.66,652.9
ET,Energy Transfer Partners,17.63,17.46,21.45,21.45,18.3,18.29
CMG,Chipotle Mexican Grill,43.58,42.91,66.74,66.74,53.52,53.6
ALNY,Alnylam Pharmaceuticals,458.35,467.55,469.81,467.71,284.28,283.36
URI,United Rentals,933.07,890.12,937.45,933.32,737.32,736.62
DLR,Digital Realty,167.81,163.78,198.0,198.0,169.01,169.05
TFC,Truist Financial,45.83,44.07,49.06,49.06,43.09,43.07
ROP,Roper Technologies,537.35,526.94,595.17,595.17,557.3,557.32
COR,Cencora,297.93,303.23,309.35,309.35,268.15,267.83
PWR,Quanta Services,385.65,378.21,424.94,424.94,326.32,325.91
AFL,Aflac,109.14,108.19,115.5,115.5,105.41,105.39
BDX,Becton Dickinson,199.48,196.63,251.99,251.99,206.59,206.77
FAST,Fastenal,50.57,49.14,50.6,50.06,40.63,40.57
GLW,Corning,65.92,64.89,66.5,66.5,50.13,50.04
CARR,Carrier Global,67.86,65.01,83.32,83.32,69.28,69.3
CMI,Cummins,404.7,394.2,408.38,408.38,343.8,343.42
ALL,Allstate,206.54,206.55,214.76,214.76,197.68,197.57
NDAQ,Nasdaq,95.38,93.96,97.63,97.63,81.93,81.82
GM,General Motors,58.18,56.51,61.24,61.24,50.53,50.49
FDX,FedEx,236.55,225.28,308.53,308.53,246.62,246.8
O,Realty Income,59.28,59.58,64.88,64.88,56.24,56.24
SRE,Sempra Energy,82.84,81.13,95.77,95.77,79.41,79.4
D,Dominion Energy,62.28,61.25,62.46,62.46,55.96,55.94
IDXX,IDEXX Laboratories,646.77,633.05,688.12,688.12,474.17,473.02
PCAR,Paccar,102.07,97.54,118.81,118.81,101.35,101.36
MET,MetLife,81.49,79.24,89.05,89.05,80.21,80.19
CPNG,Coupang,28.72,28.22,31.65,31.65,25.35,25.33
MPLX,MPLX,50.63,50.48,54.87,54.87,50.7,50.67
VRT,Vertiv Holdings,128.18,126.58,155.84,155.84,112.16,112.05
LHX,L3Harris Technologies,277.55,276.11,280.52,280.52,232.22,232.07
LNG,Cheniere Energy,238.18,240.61,257.65,257.65,226.47,226.21
PSX,Phillips 66,129.68,124.45,140.85,140.85,120.38,120.33
PAYX,Paychex,141.1,138.41,161.24,161.24,146.44,146.43
PSA,Public Storage,295.01,286.76,369.99,369.99,301.04,301.18
DHI,D. R. Horton,170.27,161.87,199.85,199.85,137.91,137.89
MPC,Marathon Petroleum,170.49,164.94,183.1,183.1,153.06,152.93
SLB,SLB (Schlumberger),35.43,33.81,46.16,46.16,37.87,37.9
CRWV,CoreWeave,95.37,90.79,,,,
CTVA,Corteva,73.33,72.98,77.41,77.41,64.94,64.88
ROST,Ross Stores,146.2,145.62,163.6,163.6,141.05,141.02
WCN,Waste Connections,185.68,186.48,201.66,201.66,187.04,187.0
AMP,Ameriprise Financial,517.7,505.23,582.05,582.05,520.0,519.94
CBRE,CBRE Group,163.96,159.12,164.04,161.81,135.27,135.1
KDP,Keurig Dr Pepper,35.36,35.2,38.28,38.28,33.21,33.19
TGT,Target,98.87,97.06,167.4,167.4,114.48,114.74
OKE,Oneok,75.11,74.02,118.07,118.07,91.85,91.94
GWW,W. W. Grainger,1020.22,994.07,1227.66,1227.66,1055.57,1055.99
XYZ,Block,78.28,74.09,99.26,99.26,72.24,72.21
RDDT,Reddit,218.59,218.65,253.14,253.14,148.63,148.1
KR,Kroger,69.97,71.42,74.9,74.9,66.0,65.93
EBAY,eBay,99.07,98.86,101.15,101.15,70.91,70.71
EW,Edwards Lifesciences,80.82,81.16,83.0,83.0,73.67,73.6
VEEV,Veeva Systems,288.8,282.28,296.72,296.72,244.11,243.73
F,Ford,11.74,11.33,11.97,11.97,10.37,10.36
CPRT,Copart,48.9,47.68,64.38,64.38,55.02,55.03
EXC,Exelon Corporation,44.92,44.64,48.11,48.11,42.32,42.28
DDOG,Datadog,130.43,129.15,170.08,170.08,127.48,127.44
AIG,American International Group,83.64,82.59,88.07,88.07,79.34,79.3
CCI,Crown Castle,104.04,102.8,120.92,120.92,99.4,99.41
KMB,Kimberly-Clark,133.72,132.97,150.45,150.45,134.13,134.13
OXY,Occidental Petroleum,45.9,44.56,58.47,58.47,45.87,45.88
EA,Electronic Arts,171.18,171.55,180.9,180.9,148.55,148.45
MSCI,MSCI,578.71,567.27,642.45,642.45,573.87,573.86
TTWO,Take-Two Interactive,228.28,227.87,245.08,245.08,210.39,210.07
ZS,Zscaler,274.26,270.35,318.46,318.46,231.42,230.96
PEG,PSEG,83.41,83.29,95.22,95.22,83.77,83.79
XEL,Xcel Energy,74.14,73.16,74.57,74.57,69.28,69.24
VLO,Valero Energy,145.01,140.29,155.12,155.12,131.79,131.7
BKR,Baker Hughes,44.79,43.46,49.4,49.4,41.55,41.51
AME,Ametek,187.82,183.44,198.33,198.33,180.34,180.3
RMD,ResMed,293.55,288.34,293.64,293.08,243.93,243.69
YUM,Yum! Brands,148.79,148.01,163.3,163.3,143.53,143.45
CVNA,Carvana,353.55,339.07,413.33,413.33,265.77,265.15
KVUE,Kenvue,21.75,21.44,25.17,25.17,22.38,22.39
FANG,Diamondback Energy,143.16,138.0,200.47,200.47,152.6,152.77
CCL,Carnival Corporation,30.88,29.27,31.07,31.01,24.41,24.37
ETR,Entergy,89.59,89.22,92.4,92.4,81.86,81.77
MPWR,Monolithic Power Systems,850.0,820.74,959.64,959.64,656.63,656.18
DAL,Delta Air Lines,61.72,57.84,69.98,69.98,55.0,54.99
RKT,Rocket Companies,19.25,17.58,21.38,21.38,13.6,13.58
ONC,BeOne Medicines,313.37,313.97,330.63,330.63,239.25,238.7
FIG,Figma,77.25,72.76,,,,
VMC,Vulcan Materials,293.19,288.28,298.31,298.31,264.06,263.94
ROK,Rockwell Automation,351.74,339.52,360.92,360.92,295.22,294.8
CSGP,CoStar Group,90.58,88.36,97.43,97.43,79.02,78.93
SYY,Sysco,80.11,79.72,82.64,82.64,75.01,74.99
VRSK,Verisk Analytics,271.8,271.91,322.92,322.92,291.51,291.53
LYV,Live Nation,166.1,162.47,166.21,164.06,139.13,138.88
PRU,Prudential Financial,110.12,107.17,130.55,130.55,110.92,110.97
CRCL,Circle Internet Group,139.76,131.8,,,,
HEI,HEICO,312.6,307.72,338.92,338.92,271.17,270.84
FIS,Fidelity National Information Services,71.48,69.55,91.98,91.98,78.26,78.35
LVS,Las Vegas Sands,54.81,53.51,56.61,56.61,45.4,45.38
MLM,Martin Marietta Materials,611.27,600.74,633.23,633.23,541.48,541.33
HIG,The Hartford,134.76,133.2,134.93,134.12,119.89,119.77
CHTR,Charter Communications,277.52,267.98,437.06,437.06,364.21,364.65
ED,Consolidated Edison,101.5,101.5,114.87,114.87,100.65,100.64
HSY,The Hershey Company,181.87,179.36,208.03,208.03,169.3,169.29
CAH,Cardinal Health,149.0,151.57,168.44,168.44,138.07,137.9
MCHP,Microchip Technology,69.25,66.1,82.87,82.87,59.77,59.8
TRGP,Targa Resources,164.61,162.1,218.51,218.51,181.24,181.24
VICI,VICI Properties,33.44,32.96,34.29,34.29,31.59,31.58
WEC,WEC Energy Group,108.83,108.48,111.9,111.9,103.52,103.45
HUM,Humana,300.36,294.47,382.72,382.72,261.16,260.97
OTIS,Otis Worldwide,89.03,87.57,106.83,106.83,96.52,96.57
XYL,Xylem,144.07,140.22,145.33,145.33,125.21,125.08
CTSH,Cognizant Technology Solutions,72.96,71.08,90.82,90.82,78.16,78.17
LEN,Lennar,136.07,129.14,187.61,187.61,124.72,124.86
A,Agilent Technologies,121.98,117.15,153.84,153.84,124.36,124.44
GEHC,GE HealthCare Technologies,75.31,73.15,94.8,94.8,77.94,78.0
NUE,Nucor,148.71,143.25,170.52,170.52,129.84,129.81
PCG,Pacific Gas and Electric,15.09,14.67,21.72,21.72,16.83,16.85
EQT,EQT Corporation,51.99,52.05,61.02,61.02,51.03,50.95
KHC,Kraft Heinz,27.91,27.5,36.53,36.53,29.11,29.14
EL,Estee Lauder,91.08,87.72,103.44,103.44,73.13,73.0
UAL,United Airlines Holdings,102.82,97.19,116.0,116.0,87.26,87.15
RJF,Raymond James,166.02,162.03,174.32,174.32,153.93,153.82
IQV,IQVIA,192.04,185.39,252.88,252.88,179.28,179.37
WAB,Wabtec,197.0,191.41,216.1,216.1,194.78,194.72
FICO,FICO,1418.0,1361.72,2402.52,2402.52,1865.43,1868.28
TSCO,Tractor Supply,61.57,61.0,63.99,63.99,54.51,54.47
ODFL,Old Dominion Freight Line,158.88,149.75,233.26,233.26,175.52,175.73
DXCM,DexCom,81.33,80.62,93.25,93.25,79.75,79.69
STT,State Street Corporation,115.53,112.36,115.59,114.28,97.75,97.63
BRO,Brown & Brown,97.21,96.4,125.68,125.68,108.9,108.93
SYM,Symbotic,46.87,43.9,64.16,64.16,31.25,31.16
ALAB,Astera Labs,181.69,177.53,199.47,199.47,100.03,99.48
VTR,Ventas,68.5,69.12,71.36,71.36,64.43,64.4
DD,Dupont De Nemours,77.36,74.55,90.06,90.06,74.15,74.18
BR,Broadridge Financial Solutions,263.19,260.83,271.91,271.91,237.5,237.24
EFX,Equifax,256.0,245.45,309.63,309.63,254.11,254.15
EXR,Extra Space Storage,143.8,139.03,184.87,184.87,150.19,150.28
VG,Venture Global,12.86,12.77,,,,
MTB,M&T Bank,199.54,192.43,225.7,225.7,189.59,189.55
STZ,Constellation Brands,167.99,164.93,261.06,261.06,189.45,189.77
OWL,Blue Owl Capital,18.85,18.56,26.73,26.73,20.88,20.89
WBD,Warner Bros. Discovery,11.89,11.59,13.87,13.87,10.39,10.37
DTE,DTE Energy,140.6,140.2,142.05,142.05,130.29,130.2
NRG,NRG Energy,145.49,145.89,175.96,175.96,119.48,119.19
ADM,Archer Daniels Midland (ADM),62.94,61.12,63.4,62.61,50.75,50.7
SOFI,SoFi,25.08,23.33,25.25,25.11,15.52,15.45
TW,Tradeweb,129.52,129.45,152.65,152.65,135.35,135.34
KEYS,Keysight,167.08,160.59,186.2,186.2,160.81,160.73
FITB,Fifth Third Bank,44.6,42.88,49.07,49.07,41.54,41.53
LPLA,LPL Financial,364.88,361.24,403.58,403.58,348.29,347.87
AWK,American Water,147.07,145.87,155.5,155.5,137.46,137.41
K,Kellanova   (Kellogg's),80.04,79.99,83.22,83.22,81.3,81.3
ROL,Rollins,58.22,58.0,59.1,59.1,53.08,53.03
HPE,Hewlett Packard Enterprise,22.59,21.82,24.66,24.66,19.46,19.44
AEE,Ameren,101.83,101.5,104.1,104.1,96.03,95.95
AVB,AvalonBay Communities,194.22,190.43,239.29,239.29,211.15,211.26
EME,Emcor,620.73,610.85,667.64,667.64,477.14,476.31
SMCI,Supermicro,43.88,42.31,66.44,66.44,39.21,39.12
MTD,Mettler-Toledo,1330.51,1278.0,1521.01,1521.01,1216.72,1216.78
PPL,PPL,36.85,36.72,37.38,37.38,34.4,34.38
IRM,Iron Mountain,94.39,90.55,130.24,130.24,99.27,99.41
INSM,Insmed,131.49,132.6,133.51,132.64,81.8,81.49
WRB,W. R. Berkley,72.64,72.51,76.38,76.38,66.04,65.96
VLTO,Veralto,109.64,108.47,115.0,115.0,100.73,100.69
SYF,Synchrony,73.55,71.23,74.11,73.76,62.42,62.33
GIS,General Mills,50.04,49.81,75.9,75.9,57.7,57.79
ATO,Atmos Energy,168.69,166.79,168.86,167.85,150.72,150.57
WDC,Western Digital,76.54,74.66,78.8,78.8,52.52,52.38
CQP,Cheniere Energy Partners,54.74,54.6,68.42,68.42,58.04,58.02
CBOE,Cboe Global Markets,246.66,249.25,255.27,255.27,217.89,217.71
EXPE,Expedia Group,214.68,205.35,215.22,213.0,177.38,177.11
TTD,The Trade Desk,53.35,52.3,141.53,141.53,86.44,86.77
AFRM,Affirm,79.89,74.49,82.53,82.53,59.94,59.76
PHM,PulteGroup,132.7,125.37,149.47,149.47,110.92,110.9
TDY,Teledyne Technologies,552.84,542.44,570.56,570.56,495.86,495.37
EQR,Equity Residential,65.49,64.27,78.83,78.83,69.59,69.61
PPG,PPG Industries,114.94,111.57,137.24,137.24,114.18,114.22
VRSN,VeriSign,269.1,272.24,310.6,310.6,243.15,242.69
TOST,Toast,43.91,42.6,49.66,49.66,39.76,39.7
HPQ,HP,27.52,26.58,39.8,39.8,29.4,29.45
FE,FirstEnergy,43.78,43.48,44.97,44.97,40.9,40.89
WSM,Williams-Sonoma,203.46,197.21,219.98,219.98,175.76,175.4
CNP,CenterPoint Energy,37.89,38.0,39.39,39.39,34.97,34.92
FOX,Fox Corporation,54.9,53.98,55.15,55.0,48.64,48.56
DG,Dollar General,112.12,112.49,126.98,126.98,90.15,89.99
TYL,Tyler Technologies,560.44,566.67,661.31,661.31,584.75,584.97
PTC,PTC,215.87,211.95,219.69,219.69,178.5,178.34
IP,International Paper,49.46,48.03,60.36,60.36,51.9,51.93
FWONK,Formula One Group,102.05,101.37,106.26,106.26,93.55,93.44
MKL,Markel,2009.92,1969.39,2075.92,2075.92,1851.79,1849.47
UI,Ubiquiti,494.0,390.57,496.71,488.79,368.06,366.94
PINS,Pinterest,35.3,34.87,40.9,40.9,32.66,32.64
ES,Eversource Energy,66.46,65.42,69.01,69.01,61.56,61.54
DOV,Dover,183.32,177.41,222.31,222.31,186.16,186.19
DRI,Darden Restaurants,208.88,206.54,228.27,228.27,196.09,195.85
HBAN,Huntington Bancshares,17.4,16.66,18.45,18.45,16.13,16.12
NTRS,Northern Trust,130.51,127.31,133.0,133.0,109.01,108.86
FIX,Comfort Systems USA,708.61,694.0,733.25,733.25,466.89,465.31
TPG,TPG Capital,61.5,60.09,72.98,72.98,56.75,56.77
FCNCA,First Citizens BancShares,1987.51,1937.63,2412.93,2412.93,1988.39,1988.09
DLTR,Dollar Tree,112.65,112.59,118.06,118.06,83.24,83.01
CINF,Cincinnati Financial,156.09,152.96,161.75,161.75,145.19,145.11
SBAC,SBA Communications,223.6,220.89,252.64,252.64,220.42,220.43
TROW,T. Rowe Price,108.71,104.53,125.81,125.81,103.85,103.87
ULTA,ULTA Beauty,531.09,520.18,534.1,534.1,417.4,416.63
HUBS,HubSpot,470.94,455.97,881.13,881.13,629.32,629.8
JBL,Jabil,209.39,205.06,232.84,232.84,165.36,164.95
CG,Carlyle Group,64.84,62.3,65.97,65.97,50.11,50.03
RF,Regions Financial,26.77,25.74,27.96,27.96,23.45,23.44
LDOS,Leidos,183.02,180.44,202.9,202.9,152.41,152.41
NVR,NVR,8216.31,7953.9,9964.77,9964.77,7755.1,7759.71
HUBB,Hubbell,443.08,427.57,481.35,481.35,401.8,401.72
EXE,Expand Energy,94.47,95.45,123.35,123.35,104.38,104.33
PODD,Insulet,332.09,327.85,334.18,334.18,280.18,279.7
CHD,Church & Dwight,95.01,94.96,116.46,116.46,102.3,102.35
LH,LabCorp,279.17,276.56,283.47,283.47,244.96,244.7
CPAY,Corpay,329.13,317.66,400.81,400.81,343.3,343.3
NTRA,Natera,164.79,161.95,183.0,183.0,156.72,156.52
DKNG,DraftKings,47.06,46.09,53.61,53.61,40.0,39.95
ZM,Zoom,81.19,73.17,92.8,92.8,78.63,78.6
NTAP,NetApp,110.41,107.78,135.45,135.45,107.11,107.14
CMS,CMS Energy,73.18,72.78,76.45,76.45,70.3,70.28
CDW,CDW Corporation,168.54,164.18,231.38,231.38,176.36,176.45
FSLR,First Solar,199.82,192.0,262.72,262.72,165.56,165.59
DVN,Devon Energy,35.22,33.89,46.04,46.04,34.03,34.04
EIX,Edison International,55.26,53.81,88.77,88.77,60.9,61.03
RKLB,Rocket Lab,44.29,41.53,53.44,53.44,27.43,27.27
SSNC,SS&C Technologies,90.43,88.7,91.07,89.73,80.46,80.36
GPN,Global Payments,90.21,85.72,120.0,120.0,94.56,94.63
TPR,Tapestry,99.01,98.39,114.05,114.05,77.64,77.38
ON,ON Semiconductor,51.76,48.81,78.61,78.61,52.55,52.64
CFG,Citizens Financial Group,50.59,48.46,50.64,49.98,43.86,43.82
LII,Lennox,596.24,570.64,689.44,689.44,598.34,598.37
Z,Zillow,86.39,81.4,89.39,89.39,74.45,74.32
ZBH,Zimmer Biomet,107.31,104.42,116.71,116.71,102.22,102.22
BIIB,Biogen,139.43,139.12,207.59,207.59,138.28,138.46
TPL,Texas Pacific Land Corporation,911.38,880.28,1769.14,1769.14,1230.62,1231.93
GDDY,GoDaddy,146.99,146.03,216.0,216.0,182.51,182.59
TSN,Tyson Foods,57.52,56.97,66.88,66.88,58.17,58.18
DGX,Quest Diagnostics,181.68,183.72,185.6,185.26,167.66,167.53
CRDO,Credo Technology,114.57,110.86,128.56,128.56,68.33,67.96
KEY,KeyCorp (KeyBank),18.98,18.15,20.04,20.04,17.04,17.03
NI,NiSource,42.89,42.29,43.51,43.51,38.91,38.87
L,Loews Corporation,96.77,96.36,97.41,97.13,87.29,87.2
TRMB,Trimble,82.65,80.27,87.5,87.5,72.35,72.24
GEN,Gen Digital,31.68,31.19,32.22,32.22,28.35,28.33
GPC,Genuine Parts Company,140.31,136.33,144.49,144.49,122.61,122.48
ERIE,Erie Indemnity,368.8,359.82,547.0,547.0,388.81,389.04
PSTG,Pure Storage,57.91,55.73,73.67,73.67,55.86,55.82
IOT,Samsara,34.49,32.84,61.9,61.9,43.7,43.76
CASY,Casey's General Stores,500.01,510.18,531.24,531.24,446.68,446.15
INVH,Invitation Homes,31.26,30.58,37.8,37.8,32.7,32.7
MKC,McCormick & Company,72.51,71.07,86.24,86.24,75.88,75.91
WY,Weyerhaeuser,26.8,25.77,34.03,34.03,28.04,28.06
STLD,Steel Dynamics,132.18,125.76,155.56,155.56,128.93,128.93
NTNX,Nutanix,67.53,67.94,83.36,83.36,70.38,70.36
CW,Curtiss-Wright,486.67,484.35,517.09,517.09,389.54,388.85
GFS,GlobalFoundries,34.32,32.6,47.69,47.69,39.11,39.12
CTRA,Coterra Energy,23.81,23.44,29.95,29.95,25.89,25.88
CRBG,Corebridge Financial,34.88,34.11,36.57,36.57,32.12,32.11
FFIV,F5,319.14,314.23,334.0,334.0,277.84,277.41
IT,Gartner,249.92,244.66,584.01,584.01,441.13,442.4
HAL,Halliburton,22.26,21.28,32.57,32.57,24.36,24.38
DKS,Dick's Sporting Goods,227.56,223.41,254.6,254.6,207.5,207.33
ESS,Essex Property Trust,267.7,262.76,317.73,317.73,286.11,286.15
MDB,MongoDB,217.38,211.96,370.0,370.0,229.83,230.1
GWRE,Guidewire Software,213.22,213.11,263.2,263.2,204.37,204.23
WST,West Pharmaceutical,246.65,242.63,352.33,352.33,258.69,259.04
J,Jacobs Engineering,149.86,147.32,152.4,152.4,131.17,131.11
BURL,Burlington Stores,280.73,275.59,298.89,298.89,258.54,258.35
RL,Ralph Lauren,288.61,285.46,306.34,306.34,250.64,250.18
NWS,News Corp,35.21,34.47,35.58,35.58,32.08,32.05
TER,Teradyne,116.31,109.3,144.16,144.16,100.52,100.47
PKG,Packaging Corporation of America,215.64,210.35,250.82,250.82,208.29,208.36
WAT,Waters Corporation,303.98,290.44,423.56,423.56,355.96,356.37
TRU,TransUnion,91.1,86.64,113.17,113.17,90.52,90.56
PFG,Principal,80.74,78.67,91.98,91.98,80.28,80.29
TLN,Talen Energy,352.3,357.86,394.07,394.07,243.58,242.68
ASTS,AST SpaceMobile,46.95,44.98,60.95,60.95,30.93,30.82
USFD,US Foods,77.83,77.38,85.11,85.11,71.56,71.48
LYB,LyondellBasell,58.85,55.47,99.36,99.36,67.68,67.82
SNA,Snap-on,332.46,321.38,373.9,373.9,332.95,332.94
INCY,Incyte,85.36,86.53,87.24,87.24,69.53,69.49
WMG,Warner Music Group,33.28,32.55,36.64,36.64,30.68,30.67
MAA,Mid-America Apartment Communities,142.9,141.01,173.38,173.38,155.16,155.19
WSO,Watsco,419.9,405.63,571.42,571.42,480.59,480.86
IFF,International Flavors & Fragrances,68.01,66.13,106.77,106.77,79.52,79.67
SGI,Somnigroup International,83.57,80.5,84.26,81.77,62.9,62.72
SN,SharkNinja,116.33,115.82,128.51,128.51,98.89,98.75
CHWY,Chewy,40.19,40.14,48.62,48.62,36.92,36.86
SUI,Sun Communities,127.64,126.81,147.83,147.83,125.66,125.68
RBRK,Rubrik,87.83,85.24,103.0,103.0,72.87,72.64
LNT,Alliant Energy,66.85,66.11,67.02,67.02,61.61,61.56
EVRG,Evergy,72.55,72.54,73.97,73.97,66.41,66.34
DOW,Dow,25.14,23.69,55.67,55.67,34.04,34.16
LUV,Southwest Airlines,32.23,31.07,37.96,37.96,31.67,31.66
BG,Bunge,86.55,83.4,101.81,101.81,78.81,78.79
CSL,Carlisle Companies,399.17,381.62,481.26,481.26,382.76,382.87
FTV,Fortive,49.35,47.76,62.79,62.79,54.83,54.86
EXPD,Expeditors,120.78,118.41,131.59,131.59,115.1,115.09
TWLO,Twilio,104.49,100.97,151.95,151.95,111.72,111.62
FNF,Fidelity National Financial,61.2,59.36,66.72,66.72,58.96,58.95
ZBRA,Zebra Technologies,323.57,308.51,427.76,427.76,327.58,327.89
EQH,Equitable Holdings,53.99,51.87,56.61,56.61,51.14,51.1
BSY,Bentley Systems,54.46,53.41,59.25,59.25,48.03,48.0
OKTA,Okta,92.06,89.78,127.57,127.57,96.3,96.21
U,Unity Software,39.36,36.28,39.72,39.72,24.47,24.37
BWXT,BWX Technologies,165.07,165.34,189.25,189.25,122.77,122.56
ILMN,Illumina,102.38,99.29,156.66,156.66,105.03,105.27
ACM,AECOM,124.41,121.58,124.65,122.04,106.94,106.86
RPM,RPM International,128.59,124.34,141.79,141.79,119.56,119.55
ARCC,Ares Capital,22.37,22.26,23.84,23.84,22.04,22.04
HRL,Hormel Foods,29.31,28.91,33.8,33.8,30.11,30.11
RYAN,Ryan Specialty Group,59.49,59.83,77.16,77.16,67.55,67.58
TKO,TKO Group Holdings,186.63,184.24,194.76,194.76,155.57,155.23
MAS,Masco,76.18,72.32,86.7,86.7,70.66,70.68
PFGC,Performance Food Group,101.46,99.72,103.5,103.5,86.61,86.51
DPZ,Domino's Pizza,451.22,446.86,500.55,500.55,457.83,457.7
DECK,Deckers Brands,108.26,104.69,223.98,223.98,141.28,141.53
THC,Tenet Healthcare,180.16,177.39,185.25,185.25,147.0,146.88
BBY,Best Buy,75.42,72.39,103.71,103.71,76.73,76.81
BLDR,Builders FirstSource,143.73,133.22,203.14,203.14,138.54,138.68
HOLX,Hologic,68.15,67.17,84.39,84.39,66.36,66.43
RS,Reliance,293.82,285.85,347.44,347.44,295.88,295.85
XPO,XPO Logistics,137.09,127.92,161.0,161.0,126.94,126.91
DUOL,Duolingo,338.03,345.52,544.93,544.93,374.18,373.95
CLX,Clorox,121.17,119.84,171.37,171.37,144.06,144.27
RIVN,Rivian,12.94,12.12,17.15,17.15,12.85,12.84
